{"loss": [0.4774218499660492, 0.4774826765060425, 0.4775870442390442, 0.4775199890136719, 0.477615624666214, 0.4775649607181549, 0.4775184988975525, 0.47759804129600525, 0.477548211812973, 0.4775376319885254, 0.4774731397628784, 0.4777883291244507, 0.47740477323532104, 0.47753939032554626, 0.47755080461502075, 0.47752004861831665, 0.47751107811927795, 0.4775600731372833, 0.47751903533935547, 0.477548748254776, 0.47748181223869324, 0.4775373041629791, 0.477512925863266, 0.4775731861591339, 0.4775731861591339, 0.47762465476989746, 0.47747349739074707, 0.4774906635284424, 0.477524071931839, 0.4774654507637024, 0.47747141122817993, 0.4775017499923706, 0.4775018095970154, 0.47748491168022156, 0.477512925863266, 0.4774373173713684, 0.4774683117866516, 0.47744157910346985, 0.47758015990257263, 0.4774327576160431, 0.47749775648117065, 0.4774347245693207, 0.4774130880832672, 0.47754770517349243, 0.47743165493011475, 0.4774181544780731, 0.4774259328842163, 0.47743332386016846, 0.47740212082862854, 0.47742632031440735, 0.47739872336387634, 0.4773954451084137, 0.4774973690509796, 0.47742244601249695, 0.4774399995803833, 0.4774022698402405, 0.47739487886428833, 0.4774360656738281, 0.4774089455604553, 0.47737744450569153, 0.4774612784385681, 0.4774276316165924, 0.47751346230506897, 0.4774545431137085, 0.47744646668434143, 0.4774313271045685, 0.477480411529541, 0.4774402976036072, 0.47743818163871765, 0.47747600078582764, 0.47737178206443787, 0.4773721992969513, 0.4774085581302643, 0.4774821102619171, 0.4774540960788727, 0.47743067145347595, 0.4774492084980011, 0.4774576723575592, 0.47748664021492004, 0.4774233400821686, 0.4774046838283539, 0.4773912727832794, 0.4774232506752014, 0.47744518518447876, 0.47739177942276, 0.47737473249435425, 0.47741109132766724, 0.47739163041114807, 0.47741079330444336, 0.4774497151374817, 0.4773891568183899, 0.4775247275829315, 0.47741058468818665, 0.47754934430122375, 0.4773769974708557, 0.477476567029953, 0.47744059562683105, 0.47743508219718933, 0.4774707555770874, 0.47745874524116516], "accuracy": [0.7723735570907593, 0.7723735570907593, 0.7723735570907593, 0.7723735570907593, 0.7723735570907593, 0.7723735570907593, 0.7723735570907593, 0.7704280018806458, 0.7723735570907593, 0.7704280018806458, 0.7723735570907593, 0.7723735570907593, 0.774319052696228, 0.7723735570907593, 0.7704280018806458, 0.7704280018806458, 0.7704280018806458, 0.768482506275177, 0.768482506275177, 0.768482506275177, 0.768482506275177, 0.768482506275177, 0.768482506275177, 0.768482506275177, 0.7704280018806458, 0.7704280018806458, 0.7665369510650635, 0.7665369510650635, 0.7665369510650635, 0.768482506275177, 0.7704280018806458, 0.768482506275177, 0.768482506275177, 0.7704280018806458, 0.7704280018806458, 0.7704280018806458, 0.7704280018806458, 0.7704280018806458, 0.7704280018806458, 0.7665369510650635, 0.7665369510650635, 0.7665369510650635, 0.7665369510650635, 0.7645914554595947, 0.7665369510650635, 0.7665369510650635, 0.768482506275177, 0.768482506275177, 0.768482506275177, 0.7704280018806458, 0.7704280018806458, 0.7704280018806458, 0.7704280018806458, 0.7704280018806458, 0.768482506275177, 0.768482506275177, 0.768482506275177, 0.7665369510650635, 0.768482506275177, 0.7665369510650635, 0.768482506275177, 0.768482506275177, 0.7704280018806458, 0.7723735570907593, 0.7723735570907593, 0.7723735570907593, 0.7723735570907593, 0.7704280018806458, 0.768482506275177, 0.7665369510650635, 0.7665369510650635, 0.7665369510650635, 0.7665369510650635, 0.7665369510650635, 0.7665369510650635, 0.7645914554595947, 0.7665369510650635, 0.7645914554595947, 0.7704280018806458, 0.768482506275177, 0.768482506275177, 0.768482506275177, 0.768482506275177, 0.768482506275177, 0.768482506275177, 0.768482506275177, 0.768482506275177, 0.768482506275177, 0.7704280018806458, 0.7665369510650635, 0.7704280018806458, 0.768482506275177, 0.7704280018806458, 0.768482506275177, 0.7665369510650635, 0.7645914554595947, 0.7645914554595947, 0.768482506275177, 0.768482506275177, 0.768482506275177], "val_loss": [0.46203768253326416, 0.4620605707168579, 0.46200644969940186, 0.4621601700782776, 0.46235403418540955, 0.46244871616363525, 0.4624634385108948, 0.4622151553630829, 0.46241575479507446, 0.4628105163574219, 0.4629397392272949, 0.4630448818206787, 0.4631158411502838, 0.4634581208229065, 0.46359172463417053, 0.46364495158195496, 0.46400225162506104, 0.4640246331691742, 0.4638315439224243, 0.4637164771556854, 0.46375322341918945, 0.463724821805954, 0.4637414216995239, 0.4642185568809509, 0.46450528502464294, 0.46437832713127136, 0.4643501043319702, 0.46428072452545166, 0.46417465806007385, 0.4642479717731476, 0.46413689851760864, 0.4639419913291931, 0.46390077471733093, 0.46375346183776855, 0.46368110179901123, 0.46323731541633606, 0.46311578154563904, 0.4631465673446655, 0.4633749723434448, 0.4633595645427704, 0.4633476734161377, 0.46343815326690674, 0.4636102616786957, 0.463495135307312, 0.46350133419036865, 0.4635710120201111, 0.4634593427181244, 0.46323826909065247, 0.46309709548950195, 0.4629739820957184, 0.4629189670085907, 0.4629848301410675, 0.4633190631866455, 0.4633619487285614, 0.4635128080844879, 0.46353670954704285, 0.46336647868156433, 0.462918758392334, 0.46301183104515076, 0.46296992897987366, 0.4626815617084503, 0.46268537640571594, 0.4623505473136902, 0.46234533190727234, 0.462331086397171, 0.46231943368911743, 0.4624713063240051, 0.46235862374305725, 0.4623962640762329, 0.46233806014060974, 0.4623262882232666, 0.4622785449028015, 0.46239084005355835, 0.4626261591911316, 0.46258610486984253, 0.4625650644302368, 0.4622748792171478, 0.46239933371543884, 0.4622710943222046, 0.4627150297164917, 0.4626891016960144, 0.462749183177948, 0.46276092529296875, 0.4626534581184387, 0.46258872747421265, 0.46248963475227356, 0.4624401330947876, 0.4625701904296875, 0.46259844303131104, 0.46290820837020874, 0.4630339741706848, 0.4628118574619293, 0.46293905377388, 0.4631054997444153, 0.4629799723625183, 0.46292635798454285, 0.4629996716976166, 0.4632794260978699, 0.46333789825439453, 0.46338748931884766],