{"loss": [0.4773564636707306, 0.4774349331855774, 0.4774504601955414, 0.4774361550807953, 0.47748956084251404, 0.4775170683860779, 0.47743773460388184, 0.4774603545665741, 0.47748589515686035, 0.4774428904056549, 0.47753942012786865, 0.47743287682533264, 0.4773210883140564, 0.4773697257041931, 0.477385014295578, 0.4773704707622528, 0.4773350954055786, 0.47737234830856323, 0.4773609936237335, 0.47736096382141113, 0.47751936316490173, 0.47743797302246094, 0.4773944318294525, 0.4774543046951294, 0.4773569405078888, 0.47739866375923157, 0.47741997241973877, 0.477376252412796, 0.47744452953338623, 0.477461040019989, 0.4773581922054291, 0.4774906039237976, 0.4773690402507782, 0.4774525761604309, 0.4774279296398163, 0.4774346351623535, 0.47740310430526733, 0.4774461090564728, 0.47735926508903503, 0.47748124599456787, 0.47739896178245544, 0.4773481786251068, 0.4774358868598938, 0.477446973323822, 0.47748568654060364, 0.4772988259792328, 0.4773838222026825, 0.4774603247642517, 0.4773865044116974, 0.47740665078163147, 0.47750842571258545, 0.47742629051208496, 0.4774087965488434, 0.47738248109817505, 0.4773542582988739, 0.47744083404541016, 0.47738733887672424, 0.47741320729255676, 0.4773631691932678, 0.4774608016014099, 0.47739484906196594, 0.4773768186569214, 0.4773898124694824, 0.47737208008766174, 0.47743499279022217, 0.4773867428302765, 0.4773992896080017, 0.477392315864563, 0.47744426131248474, 0.4773828685283661, 0.4773973524570465, 0.4774346649646759, 0.47732052206993103, 0.4772626757621765, 0.47737154364585876, 0.4773968756198883, 0.4773910343647003, 0.4774574339389801, 0.47745752334594727, 0.477488249540329, 0.477427214384079, 0.4774334132671356, 0.47752583026885986, 0.47747108340263367, 0.47740980982780457, 0.47743263840675354, 0.47742486000061035, 0.47746583819389343, 0.4774651527404785, 0.4774242639541626, 0.4773915410041809, 0.4773825407028198, 0.47744694352149963, 0.4775807559490204, 0.4772929251194, 0.4773968458175659, 0.4774641990661621, 0.47738128900527954, 0.4773958921432495, 0.47739431262016296], "accuracy": [0.7723735570907593, 0.7704280018806458, 0.7704280018806458, 0.7704280018806458, 0.768482506275177, 0.7665369510650635, 0.768482506275177, 0.7665369510650635, 0.7704280018806458, 0.7723735570907593, 0.7704280018806458, 0.7704280018806458, 0.7704280018806458, 0.7704280018806458, 0.768482506275177, 0.7704280018806458, 0.7704280018806458, 0.7704280018806458, 0.7704280018806458, 0.7704280018806458, 0.7704280018806458, 0.7704280018806458, 0.7704280018806458, 0.7704280018806458, 0.7704280018806458, 0.7723735570907593, 0.7704280018806458, 0.768482506275177, 0.7665369510650635, 0.768482506275177, 0.7665369510650635, 0.7665369510650635, 0.768482506275177, 0.768482506275177, 0.768482506275177, 0.768482506275177, 0.768482506275177, 0.7665369510650635, 0.7665369510650635, 0.768482506275177, 0.768482506275177, 0.7645914554595947, 0.7626459002494812, 0.7626459002494812, 0.7645914554595947, 0.768482506275177, 0.7665369510650635, 0.7665369510650635, 0.7665369510650635, 0.7665369510650635, 0.7665369510650635, 0.768482506275177, 0.768482506275177, 0.768482506275177, 0.768482506275177, 0.7645914554595947, 0.7645914554595947, 0.7645914554595947, 0.7645914554595947, 0.7626459002494812, 0.7645914554595947, 0.7645914554595947, 0.7665369510650635, 0.7645914554595947, 0.7645914554595947, 0.7665369510650635, 0.7665369510650635, 0.7665369510650635, 0.7665369510650635, 0.7665369510650635, 0.7665369510650635, 0.7665369510650635, 0.7645914554595947, 0.7645914554595947, 0.7626459002494812, 0.7645914554595947, 0.7645914554595947, 0.7665369510650635, 0.7665369510650635, 0.7665369510650635, 0.768482506275177, 0.768482506275177, 0.768482506275177, 0.768482506275177, 0.7665369510650635, 0.768482506275177, 0.7665369510650635, 0.7665369510650635, 0.7645914554595947, 0.7645914554595947, 0.7645914554595947, 0.7645914554595947, 0.7645914554595947, 0.7665369510650635, 0.7645914554595947, 0.7645914554595947, 0.7665369510650635, 0.7665369510650635, 0.768482506275177, 0.768482506275177], "val_loss": [0.46227216720581055, 0.4622710943222046, 0.462348997592926, 0.46240416169166565, 0.4624977111816406, 0.4627265930175781, 0.46263352036476135, 0.46252915263175964, 0.46259787678718567, 0.46241551637649536, 0.4622282385826111, 0.46225276589393616, 0.4622337818145752, 0.46237441897392273, 0.46261805295944214, 0.4625699520111084, 0.4625885784626007, 0.46253642439842224, 0.46258971095085144, 0.46281731128692627, 0.46308431029319763, 0.4631924033164978, 0.46305400133132935, 0.4629901051521301, 0.46261686086654663, 0.4625043272972107, 0.46248123049736023, 0.4621407687664032, 0.46204322576522827, 0.46213483810424805, 0.4619847238063812, 0.46199360489845276, 0.46185266971588135, 0.46186181902885437, 0.46220237016677856, 0.4622621238231659, 0.46230998635292053, 0.4626004099845886, 0.4627617299556732, 0.46293988823890686, 0.462965190410614, 0.4628806412220001, 0.46301400661468506, 0.4630008637905121, 0.4630805253982544, 0.46292203664779663, 0.46295198798179626, 0.4630064070224762, 0.4630259573459625, 0.46306362748146057, 0.4630894660949707, 0.4630454480648041, 0.46303790807724, 0.46303215622901917, 0.4630158245563507, 0.462949275970459, 0.4629386365413666, 0.4629061222076416, 0.4628504812717438, 0.4628191888332367, 0.4626493453979492, 0.4626408815383911, 0.4626448452472687, 0.4623820185661316, 0.46229317784309387, 0.46238967776298523, 0.46243995428085327, 0.4623933434486389, 0.46239757537841797, 0.46243491768836975, 0.4624764621257782, 0.4624481797218323, 0.4625440537929535, 0.46241843700408936, 0.4623790383338928, 0.4624378979206085, 0.4625202715396881, 0.462442010641098, 0.4624641537666321, 0.4624630808830261, 0.4623570442199707, 0.4624457061290741, 0.46243539452552795, 0.4622262716293335, 0.4622511565685272, 0.46225833892822266, 0.4619962275028229, 0.4618185758590698, 0.46174752712249756, 0.46176809072494507, 0.4616721570491791, 0.46163350343704224, 0.461793452501297, 0.4621732831001282, 0.46240928769111633, 0.4625488519668579, 0.4628801643848419, 0.46281760931015015, 0.4627622663974762, 0.4627486765384674],